-- phpMyAdmin SQL Dump
-- version 3.4.11.1deb1
-- http://www.phpmyadmin.net
--
-- Host: localhost
-- Generation Time: Apr 28, 2013 at 12:25 AM
-- Server version: 5.5.29
-- PHP Version: 5.4.6-1ubuntu1.2

SET SQL_MODE="NO_AUTO_VALUE_ON_ZERO";
SET time_zone = "+00:00";


/*!40101 SET @OLD_CHARACTER_SET_CLIENT=@@CHARACTER_SET_CLIENT */;
/*!40101 SET @OLD_CHARACTER_SET_RESULTS=@@CHARACTER_SET_RESULTS */;
/*!40101 SET @OLD_COLLATION_CONNECTION=@@COLLATION_CONNECTION */;
/*!40101 SET NAMES utf8 */;

--
-- Database: `ULg`
--

-- --------------------------------------------------------

--
-- Table structure for table `categorie`
--

CREATE TABLE IF NOT EXISTS `categorie` (
  `id_cat` varchar(255) CHARACTER SET utf8 COLLATE utf8_unicode_ci NOT NULL,
  `prix_km` float NOT NULL,
  `prix_jour` float NOT NULL,
  PRIMARY KEY (`id_cat`)
) ENGINE=InnoDB DEFAULT CHARSET=latin1;

--
-- Dumping data for table `categorie`
--

INSERT INTO `categorie` (`id_cat`, `prix_jour`, `prix_km`) VALUES
('A', 20, 0.254),
('B', 17, 0.214),
('C', 14, 0.184),
('D', 11, 0.154);

-- --------------------------------------------------------

--
-- Table structure for table `client`
--

CREATE TABLE IF NOT EXISTS `client` (
  `id_client` int(10) unsigned NOT NULL AUTO_INCREMENT,
  PRIMARY KEY (`id_client`)
) ENGINE=InnoDB  DEFAULT CHARSET=latin1 AUTO_INCREMENT=60 ;

--
-- Dumping data for table `client`
--

INSERT INTO `client` (`id_client`) VALUES
(1),
(2),
(3),
(4),
(5),
(6),
(7),
(8),
(9),
(10),
(11),
(12),
(13),
(14),
(15),
(16),
(17),
(18),
(19),
(20),
(21),
(22),
(23),
(24),
(25),
(26),
(27),
(28),
(29),
(30),
(31),
(32),
(33),
(34),
(35),
(36),
(37),
(38),
(39),
(40),
(41),
(42),
(43),
(44),
(45),
(46),
(47),
(48),
(49),
(50),
(51),
(52),
(53),
(54),
(55),
(56),
(57),
(58),
(59);

-- --------------------------------------------------------

--
-- Table structure for table `conducteur`
--

CREATE TABLE IF NOT EXISTS `conducteur` (
  `no_permis` varchar(255) CHARACTER SET utf8 COLLATE utf8_unicode_ci NOT NULL,
  `annee_cond` date NOT NULL,
  PRIMARY KEY (`no_permis`)
) ENGINE=InnoDB DEFAULT CHARSET=latin1;

--
-- Dumping data for table `conducteur`
--

INSERT INTO `conducteur` (`no_permis`, `annee_cond`) VALUES
('BE 111.666.744', '1972-09-16'),
('BE 144.580.615', '1980-06-17'),
('BE 160.926.697', '1977-00-17'),
('BE 175.445.270', '1989-10-01'),
('BE 195.357.250', '1985-03-04'),
('BE 196.213.961', '1982-03-26'),
('BE 200.425.381', '1981-11-22'),
('BE 226.838.332', '1971-07-25'),
('BE 235.807.982', '1976-05-02'),
('BE 261.468.904', '1977-10-13'),
('BE 283.739.532', '1987-02-13'),
('BE 297.401.325', '1982-11-12'),
('BE 324.198.710', '1982-07-04'),
('BE 335.918.754', '1978-04-14'),
('BE 351.237.702', '1986-09-03'),
('BE 365.958.105', '1974-00-11'),
('BE 371.754.944', '1979-10-20'),
('BE 391.974.117', '1976-03-21'),
('BE 399.775.608', '1977-11-20'),
('BE 401.634.838', '1984-05-06'),
('BE 427.280.793', '1971-10-04'),
('BE 432.877.232', '1983-03-10'),
('BE 438.665.386', '1979-10-25'),
('BE 460.935.120', '1978-05-11'),
('BE 461.437.949', '1980-00-08'),
('BE 466.133.967', '1979-02-22'),
('BE 469.390.854', '1981-04-26'),
('BE 473.567.166', '1986-09-01'),
('BE 475.320.942', '1975-04-25'),
('BE 482.923.113', '1988-10-04'),
('BE 490.613.619', '1988-10-08'),
('BE 491.221.417', '1971-06-06'),
('BE 499.876.420', '1974-05-09'),
('BE 532.612.400', '1983-05-05'),
('BE 538.914.990', '1974-00-22'),
('BE 543.612.735', '1975-01-27'),
('BE 548.171.734', '1984-03-23'),
('BE 553.991.521', '1986-11-27'),
('BE 556.567.457', '1976-03-25'),
('BE 558.762.269', '1970-00-05'),
('BE 562.206.171', '1984-01-23'),
('BE 572.365.780', '1984-05-15'),
('BE 575.556.490', '1975-11-04'),
('BE 618.204.557', '1978-05-06'),
('BE 629.813.715', '1979-04-11'),
('BE 633.257.143', '1977-01-00'),
('BE 651.685.494', '1980-03-00'),
('BE 655.988.175', '1988-04-15'),
('BE 664.190.696', '1985-06-19'),
('BE 667.607.171', '1973-00-21'),
('BE 669.974.182', '1971-01-22'),
('BE 683.311.629', '1984-03-26'),
('BE 711.952.912', '1987-09-18'),
('BE 725.354.220', '1972-09-20'),
('BE 726.978.560', '1978-06-16'),
('BE 738.823.463', '1980-00-19'),
('BE 754.501.104', '1989-05-14'),
('BE 756.287.346', '1971-02-27'),
('BE 765.267.882', '1978-04-23'),
('BE 778.405.490', '1986-02-09'),
('BE 811.258.788', '1986-10-19'),
('BE 819.885.229', '1975-08-11'),
('BE 842.221.121', '1988-10-23'),
('BE 849.458.917', '1971-06-04'),
('BE 853.626.203', '1982-10-00'),
('BE 864.753.235', '1975-04-12'),
('BE 875.183.857', '1981-03-12'),
('BE 882.842.471', '1977-00-13'),
('BE 891.880.996', '1984-09-18'),
('BE 901.243.431', '1975-07-22'),
('BE 904.535.535', '1985-00-22'),
('BE 912.524.183', '1978-02-09'),
('BE 912.837.431', '1982-07-00'),
('BE 964.625.565', '1974-03-11'),
('BE 970.322.677', '1975-08-26'),
('BE 975.907.992', '1987-07-10'),
('BE 991.877.805', '1985-07-15'),
('BE 994.142.574', '1978-04-05'),
('BE 994.751.826', '1972-00-24');

-- --------------------------------------------------------

--
-- Table structure for table `conduit`
--

CREATE TABLE IF NOT EXISTS `conduit` (
  `id_cont` int(10) unsigned NOT NULL,
  `no_permis` varchar(255) CHARACTER SET utf8 COLLATE utf8_unicode_ci NOT NULL,
  PRIMARY KEY (`id_cont`,`no_permis`),
  KEY `no_permis` (`no_permis`)
) ENGINE=InnoDB DEFAULT CHARSET=latin1;

--
-- Dumping data for table `conduit`
--

INSERT INTO `conduit` (`id_cont`, `no_permis`) VALUES
(95, 'BE 111.666.744'),
(21, 'BE 144.580.615'),
(40, 'BE 144.580.615'),
(91, 'BE 144.580.615'),
(204, 'BE 144.580.615'),
(3, 'BE 160.926.697'),
(46, 'BE 160.926.697'),
(93, 'BE 160.926.697'),
(130, 'BE 160.926.697'),
(131, 'BE 160.926.697'),
(8, 'BE 175.445.270'),
(51, 'BE 175.445.270'),
(110, 'BE 175.445.270'),
(135, 'BE 175.445.270'),
(194, 'BE 175.445.270'),
(19, 'BE 195.357.250'),
(27, 'BE 195.357.250'),
(66, 'BE 195.357.250'),
(73, 'BE 195.357.250'),
(146, 'BE 195.357.250'),
(172, 'BE 195.357.250'),
(7, 'BE 196.213.961'),
(26, 'BE 196.213.961'),
(44, 'BE 196.213.961'),
(71, 'BE 196.213.961'),
(133, 'BE 196.213.961'),
(142, 'BE 196.213.961'),
(35, 'BE 200.425.381'),
(67, 'BE 200.425.381'),
(76, 'BE 200.425.381'),
(88, 'BE 200.425.381'),
(99, 'BE 200.425.381'),
(163, 'BE 200.425.381'),
(168, 'BE 200.425.381'),
(205, 'BE 200.425.381'),
(16, 'BE 226.838.332'),
(48, 'BE 226.838.332'),
(137, 'BE 226.838.332'),
(147, 'BE 226.838.332'),
(156, 'BE 226.838.332'),
(113, 'BE 235.807.982'),
(122, 'BE 235.807.982'),
(127, 'BE 235.807.982'),
(145, 'BE 235.807.982'),
(171, 'BE 235.807.982'),
(200, 'BE 235.807.982'),
(11, 'BE 261.468.904'),
(23, 'BE 261.468.904'),
(49, 'BE 261.468.904'),
(51, 'BE 261.468.904'),
(33, 'BE 283.739.532'),
(56, 'BE 283.739.532'),
(98, 'BE 283.739.532'),
(122, 'BE 283.739.532'),
(171, 'BE 283.739.532'),
(180, 'BE 283.739.532'),
(192, 'BE 283.739.532'),
(208, 'BE 283.739.532'),
(7, 'BE 297.401.325'),
(44, 'BE 297.401.325'),
(61, 'BE 297.401.325'),
(74, 'BE 297.401.325'),
(17, 'BE 324.198.710'),
(33, 'BE 324.198.710'),
(56, 'BE 324.198.710'),
(93, 'BE 324.198.710'),
(25, 'BE 335.918.754'),
(140, 'BE 335.918.754'),
(170, 'BE 335.918.754'),
(183, 'BE 335.918.754'),
(53, 'BE 351.237.702'),
(77, 'BE 351.237.702'),
(93, 'BE 351.237.702'),
(100, 'BE 351.237.702'),
(102, 'BE 351.237.702'),
(115, 'BE 351.237.702'),
(4, 'BE 365.958.105'),
(5, 'BE 365.958.105'),
(91, 'BE 371.754.944'),
(107, 'BE 371.754.944'),
(158, 'BE 371.754.944'),
(185, 'BE 371.754.944'),
(12, 'BE 391.974.117'),
(22, 'BE 391.974.117'),
(20, 'BE 399.775.608'),
(53, 'BE 399.775.608'),
(85, 'BE 399.775.608'),
(88, 'BE 399.775.608'),
(112, 'BE 399.775.608'),
(197, 'BE 399.775.608'),
(198, 'BE 399.775.608'),
(16, 'BE 401.634.838'),
(37, 'BE 401.634.838'),
(43, 'BE 401.634.838'),
(61, 'BE 401.634.838'),
(97, 'BE 401.634.838'),
(126, 'BE 401.634.838'),
(130, 'BE 401.634.838'),
(135, 'BE 401.634.838'),
(40, 'BE 427.280.793'),
(132, 'BE 427.280.793'),
(146, 'BE 427.280.793'),
(17, 'BE 432.877.232'),
(95, 'BE 432.877.232'),
(96, 'BE 432.877.232'),
(173, 'BE 432.877.232'),
(62, 'BE 438.665.386'),
(82, 'BE 438.665.386'),
(90, 'BE 438.665.386'),
(112, 'BE 438.665.386'),
(123, 'BE 438.665.386'),
(124, 'BE 438.665.386'),
(131, 'BE 438.665.386'),
(143, 'BE 438.665.386'),
(145, 'BE 438.665.386'),
(151, 'BE 438.665.386'),
(184, 'BE 438.665.386'),
(29, 'BE 460.935.120'),
(99, 'BE 460.935.120'),
(191, 'BE 460.935.120'),
(31, 'BE 461.437.949'),
(72, 'BE 461.437.949'),
(107, 'BE 461.437.949'),
(172, 'BE 461.437.949'),
(25, 'BE 466.133.967'),
(79, 'BE 466.133.967'),
(92, 'BE 466.133.967'),
(117, 'BE 466.133.967'),
(152, 'BE 466.133.967'),
(169, 'BE 466.133.967'),
(199, 'BE 466.133.967'),
(41, 'BE 469.390.854'),
(67, 'BE 469.390.854'),
(94, 'BE 469.390.854'),
(143, 'BE 469.390.854'),
(150, 'BE 469.390.854'),
(161, 'BE 469.390.854'),
(211, 'BE 469.390.854'),
(15, 'BE 473.567.166'),
(26, 'BE 473.567.166'),
(32, 'BE 473.567.166'),
(120, 'BE 473.567.166'),
(124, 'BE 473.567.166'),
(133, 'BE 473.567.166'),
(140, 'BE 473.567.166'),
(35, 'BE 475.320.942'),
(111, 'BE 475.320.942'),
(154, 'BE 475.320.942'),
(193, 'BE 475.320.942'),
(3, 'BE 482.923.113'),
(32, 'BE 482.923.113'),
(50, 'BE 482.923.113'),
(55, 'BE 482.923.113'),
(81, 'BE 482.923.113'),
(111, 'BE 482.923.113'),
(126, 'BE 482.923.113'),
(127, 'BE 482.923.113'),
(141, 'BE 482.923.113'),
(181, 'BE 482.923.113'),
(210, 'BE 482.923.113'),
(39, 'BE 490.613.619'),
(101, 'BE 490.613.619'),
(121, 'BE 490.613.619'),
(152, 'BE 490.613.619'),
(190, 'BE 490.613.619'),
(14, 'BE 491.221.417'),
(39, 'BE 491.221.417'),
(48, 'BE 491.221.417'),
(68, 'BE 491.221.417'),
(70, 'BE 491.221.417'),
(118, 'BE 491.221.417'),
(123, 'BE 491.221.417'),
(143, 'BE 491.221.417'),
(145, 'BE 491.221.417'),
(199, 'BE 491.221.417'),
(43, 'BE 499.876.420'),
(87, 'BE 499.876.420'),
(91, 'BE 499.876.420'),
(136, 'BE 499.876.420'),
(153, 'BE 499.876.420'),
(154, 'BE 499.876.420'),
(1, 'BE 532.612.400'),
(2, 'BE 532.612.400'),
(15, 'BE 532.612.400'),
(47, 'BE 532.612.400'),
(111, 'BE 532.612.400'),
(191, 'BE 532.612.400'),
(5, 'BE 538.914.990'),
(134, 'BE 538.914.990'),
(30, 'BE 543.612.735'),
(144, 'BE 543.612.735'),
(5, 'BE 548.171.734'),
(26, 'BE 548.171.734'),
(45, 'BE 548.171.734'),
(52, 'BE 548.171.734'),
(65, 'BE 548.171.734'),
(165, 'BE 548.171.734'),
(190, 'BE 548.171.734'),
(204, 'BE 548.171.734'),
(54, 'BE 553.991.521'),
(117, 'BE 553.991.521'),
(182, 'BE 553.991.521'),
(36, 'BE 556.567.457'),
(55, 'BE 556.567.457'),
(60, 'BE 556.567.457'),
(68, 'BE 556.567.457'),
(83, 'BE 556.567.457'),
(153, 'BE 556.567.457'),
(192, 'BE 556.567.457'),
(10, 'BE 558.762.269'),
(174, 'BE 558.762.269'),
(211, 'BE 558.762.269'),
(52, 'BE 562.206.171'),
(162, 'BE 562.206.171'),
(190, 'BE 562.206.171'),
(206, 'BE 562.206.171'),
(15, 'BE 572.365.780'),
(24, 'BE 572.365.780'),
(72, 'BE 572.365.780'),
(92, 'BE 572.365.780'),
(113, 'BE 572.365.780'),
(138, 'BE 572.365.780'),
(158, 'BE 572.365.780'),
(195, 'BE 572.365.780'),
(57, 'BE 575.556.490'),
(105, 'BE 575.556.490'),
(106, 'BE 575.556.490'),
(179, 'BE 575.556.490'),
(55, 'BE 618.204.557'),
(58, 'BE 618.204.557'),
(127, 'BE 618.204.557'),
(154, 'BE 618.204.557'),
(31, 'BE 629.813.715'),
(39, 'BE 629.813.715'),
(48, 'BE 629.813.715'),
(59, 'BE 629.813.715'),
(78, 'BE 629.813.715'),
(83, 'BE 633.257.143'),
(137, 'BE 633.257.143'),
(164, 'BE 633.257.143'),
(179, 'BE 633.257.143'),
(203, 'BE 633.257.143'),
(42, 'BE 651.685.494'),
(47, 'BE 651.685.494'),
(74, 'BE 651.685.494'),
(78, 'BE 651.685.494'),
(162, 'BE 651.685.494'),
(10, 'BE 655.988.175'),
(58, 'BE 655.988.175'),
(60, 'BE 655.988.175'),
(84, 'BE 655.988.175'),
(114, 'BE 655.988.175'),
(28, 'BE 664.190.696'),
(34, 'BE 664.190.696'),
(85, 'BE 664.190.696'),
(152, 'BE 664.190.696'),
(189, 'BE 664.190.696'),
(4, 'BE 667.607.171'),
(81, 'BE 667.607.171'),
(115, 'BE 667.607.171'),
(180, 'BE 667.607.171'),
(187, 'BE 667.607.171'),
(11, 'BE 669.974.182'),
(206, 'BE 669.974.182'),
(42, 'BE 683.311.629'),
(132, 'BE 683.311.629'),
(208, 'BE 683.311.629'),
(6, 'BE 711.952.912'),
(74, 'BE 711.952.912'),
(83, 'BE 711.952.912'),
(130, 'BE 711.952.912'),
(141, 'BE 711.952.912'),
(188, 'BE 711.952.912'),
(67, 'BE 725.354.220'),
(166, 'BE 725.354.220'),
(178, 'BE 725.354.220'),
(186, 'BE 725.354.220'),
(189, 'BE 725.354.220'),
(20, 'BE 726.978.560'),
(119, 'BE 726.978.560'),
(155, 'BE 726.978.560'),
(196, 'BE 726.978.560'),
(34, 'BE 738.823.463'),
(43, 'BE 738.823.463'),
(84, 'BE 738.823.463'),
(159, 'BE 738.823.463'),
(175, 'BE 738.823.463'),
(18, 'BE 754.501.104'),
(44, 'BE 754.501.104'),
(119, 'BE 754.501.104'),
(167, 'BE 754.501.104'),
(188, 'BE 754.501.104'),
(29, 'BE 756.287.346'),
(69, 'BE 756.287.346'),
(103, 'BE 756.287.346'),
(156, 'BE 756.287.346'),
(189, 'BE 756.287.346'),
(196, 'BE 756.287.346'),
(12, 'BE 765.267.882'),
(47, 'BE 765.267.882'),
(86, 'BE 765.267.882'),
(88, 'BE 765.267.882'),
(95, 'BE 765.267.882'),
(166, 'BE 765.267.882'),
(177, 'BE 765.267.882'),
(23, 'BE 778.405.490'),
(52, 'BE 778.405.490'),
(64, 'BE 778.405.490'),
(65, 'BE 778.405.490'),
(103, 'BE 778.405.490'),
(165, 'BE 778.405.490'),
(31, 'BE 811.258.788'),
(63, 'BE 811.258.788'),
(89, 'BE 811.258.788'),
(128, 'BE 811.258.788'),
(195, 'BE 811.258.788'),
(207, 'BE 811.258.788'),
(58, 'BE 819.885.229'),
(121, 'BE 819.885.229'),
(185, 'BE 819.885.229'),
(193, 'BE 819.885.229'),
(14, 'BE 842.221.121'),
(139, 'BE 842.221.121'),
(186, 'BE 842.221.121'),
(187, 'BE 842.221.121'),
(203, 'BE 842.221.121'),
(66, 'BE 849.458.917'),
(75, 'BE 849.458.917'),
(148, 'BE 849.458.917'),
(173, 'BE 849.458.917'),
(174, 'BE 849.458.917'),
(176, 'BE 849.458.917'),
(196, 'BE 853.626.203'),
(36, 'BE 864.753.235'),
(115, 'BE 864.753.235'),
(25, 'BE 875.183.857'),
(87, 'BE 875.183.857'),
(107, 'BE 875.183.857'),
(156, 'BE 875.183.857'),
(178, 'BE 875.183.857'),
(13, 'BE 882.842.471'),
(121, 'BE 882.842.471'),
(60, 'BE 891.880.996'),
(78, 'BE 891.880.996'),
(106, 'BE 891.880.996'),
(129, 'BE 891.880.996'),
(160, 'BE 891.880.996'),
(181, 'BE 891.880.996'),
(195, 'BE 891.880.996'),
(59, 'BE 901.243.431'),
(80, 'BE 901.243.431'),
(125, 'BE 901.243.431'),
(68, 'BE 904.535.535'),
(92, 'BE 904.535.535'),
(108, 'BE 904.535.535'),
(139, 'BE 904.535.535'),
(194, 'BE 904.535.535'),
(61, 'BE 912.524.183'),
(158, 'BE 912.524.183'),
(16, 'BE 912.837.431'),
(38, 'BE 912.837.431'),
(117, 'BE 912.837.431'),
(204, 'BE 912.837.431'),
(33, 'BE 964.625.565'),
(41, 'BE 964.625.565'),
(109, 'BE 964.625.565'),
(208, 'BE 964.625.565'),
(9, 'BE 970.322.677'),
(32, 'BE 970.322.677'),
(41, 'BE 970.322.677'),
(72, 'BE 970.322.677'),
(104, 'BE 970.322.677'),
(129, 'BE 970.322.677'),
(142, 'BE 970.322.677'),
(186, 'BE 970.322.677'),
(209, 'BE 970.322.677'),
(11, 'BE 975.907.992'),
(63, 'BE 975.907.992'),
(116, 'BE 975.907.992'),
(148, 'BE 975.907.992'),
(155, 'BE 975.907.992'),
(198, 'BE 975.907.992'),
(202, 'BE 975.907.992'),
(22, 'BE 991.877.805'),
(76, 'BE 991.877.805'),
(97, 'BE 991.877.805'),
(99, 'BE 991.877.805'),
(172, 'BE 991.877.805'),
(184, 'BE 991.877.805'),
(34, 'BE 994.142.574'),
(40, 'BE 994.142.574'),
(63, 'BE 994.142.574'),
(110, 'BE 994.142.574'),
(166, 'BE 994.142.574'),
(201, 'BE 994.142.574'),
(85, 'BE 994.751.826'),
(102, 'BE 994.751.826'),
(128, 'BE 994.751.826'),
(141, 'BE 994.751.826'),
(147, 'BE 994.751.826'),
(149, 'BE 994.751.826'),
(157, 'BE 994.751.826');

-- --------------------------------------------------------

--
-- Table structure for table `cond_autre`
--

CREATE TABLE IF NOT EXISTS `cond_autre` (
  `no_permis` varchar(255) CHARACTER SET utf8 COLLATE utf8_unicode_ci NOT NULL,
  `nom_conducteur_autre` varchar(255) CHARACTER SET utf8 COLLATE utf8_unicode_ci NOT NULL,
  `prenom_conducteur_autre` varchar(255) CHARACTER SET utf8 COLLATE utf8_unicode_ci NOT NULL,
  PRIMARY KEY (`no_permis`)
) ENGINE=InnoDB DEFAULT CHARSET=latin1;

--
-- Dumping data for table `cond_autre`
--

INSERT INTO `cond_autre` (`no_permis`, `nom_conducteur_autre`, `prenom_conducteur_autre`) VALUES
('BE 111.666.744', 'Sepage', 'Charles'),
('BE 144.580.615', 'Deluze', 'Veronique'),
('BE 160.926.697', 'Legrand', 'Laurent'),
('BE 175.445.270', 'Mercy', 'Antoine'),
('BE 195.357.250', 'Bogard', 'Pierre'),
('BE 196.213.961', 'Champenier', 'Pierre'),
('BE 200.425.381', 'Menier', 'Veronique'),
('BE 226.838.332', 'Mar', 'Jean'),
('BE 235.807.982', 'Sepage', 'Laurent'),
('BE 261.468.904', 'Lapierre', 'Frederique'),
('BE 283.739.532', 'Main', 'Paul'),
('BE 297.401.325', 'Lapierre', 'Laurent'),
('BE 324.198.710', 'Lapierre', 'Laurent'),
('BE 335.918.754', 'Carpentier', 'Laurent'),
('BE 351.237.702', 'Champenier', 'Laurent'),
('BE 365.958.105', 'Jackson', 'Pierre'),
('BE 371.754.944', 'Lecure', 'Laurent'),
('BE 391.974.117', 'Lebeau', 'Thierry'),
('BE 399.775.608', 'Dusucre', 'Thierry'),
('BE 401.634.838', 'Gerard', 'Jacques'),
('BE 427.280.793', 'Rioux', 'Laurent'),
('BE 432.877.232', 'Lapierre', 'Paul'),
('BE 438.665.386', 'Bogard', 'Thierry'),
('BE 460.935.120', 'Lessieux', 'Jean'),
('BE 461.437.949', 'Legrand', 'Thierry'),
('BE 466.133.967', 'Lapierre', 'Rene'),
('BE 469.390.854', 'Lapierre', 'Paul'),
('BE 473.567.166', 'Bastin', 'Frederique'),
('BE 475.320.942', 'Gerard', 'Paul'),
('BE 482.923.113', 'Sepage', 'Pierre'),
('BE 490.613.619', 'Lebeau', 'Jacques'),
('BE 491.221.417', 'Masson', 'Veronique'),
('BE 499.876.420', 'Jackson', 'Veronique'),
('BE 538.914.990', 'Cremant', 'Veronique'),
('BE 543.612.735', 'Lambert', 'Pierre'),
('BE 548.171.734', 'Charles', 'Laurent'),
('BE 553.991.521', 'Gerard', 'Jean'),
('BE 556.567.457', 'Petit', 'Paul'),
('BE 558.762.269', 'Wolper', 'Jean'),
('BE 562.206.171', 'Masson', 'Charles'),
('BE 572.365.780', 'Main', 'Veronique'),
('BE 575.556.490', 'Lessieux', 'Pierre'),
('BE 618.204.557', 'Menier', 'Antoine'),
('BE 629.813.715', 'Lapierre', 'Rene'),
('BE 633.257.143', 'Wolper', 'Antoine'),
('BE 651.685.494', 'Main', 'Rene'),
('BE 655.988.175', 'Bastin', 'Thierry'),
('BE 664.190.696', 'Jackson', 'Charles'),
('BE 667.607.171', 'Charles', 'Paul'),
('BE 669.974.182', 'Main', 'Pierre'),
('BE 725.354.220', 'Polux', 'Pierre'),
('BE 726.978.560', 'Main', 'Pierre'),
('BE 738.823.463', 'Cremant', 'Laurent'),
('BE 754.501.104', 'Lambert', 'Veronique'),
('BE 756.287.346', 'Kluk', 'Veronique'),
('BE 765.267.882', 'Dujardin', 'Frederique'),
('BE 778.405.490', 'Sobre', 'Laurent'),
('BE 811.258.788', 'Charles', 'Jean'),
('BE 819.885.229', 'Kluk', 'Jean'),
('BE 842.221.121', 'Lapierre', 'Pierre'),
('BE 849.458.917', 'Polux', 'Jacques'),
('BE 853.626.203', 'Dusucre', 'Paul'),
('BE 864.753.235', 'Petit', 'Frederique'),
('BE 875.183.857', 'Dujardin', 'Frederique'),
('BE 882.842.471', 'Sepage', 'Veronique'),
('BE 891.880.996', 'John', 'Thierry'),
('BE 901.243.431', 'Rioux', 'Pierre'),
('BE 904.535.535', 'Mar', 'Pierre'),
('BE 912.524.183', 'Frank', 'Jean'),
('BE 912.837.431', 'Kluk', 'Veronique'),
('BE 964.625.565', 'Lapierre', 'Laurent'),
('BE 970.322.677', 'Mercy', 'Thierry'),
('BE 975.907.992', 'Kluk', 'Antoine'),
('BE 994.142.574', 'Dujardin', 'Laurent'),
('BE 994.751.826', 'Trintignan', 'Veronique');

-- --------------------------------------------------------

--
-- Table structure for table `cond_client`
--

CREATE TABLE IF NOT EXISTS `cond_client` (
  `no_permis` varchar(255) CHARACTER SET utf8 COLLATE utf8_unicode_ci NOT NULL,
  `id_client` int(10) unsigned NOT NULL,
  PRIMARY KEY (`no_permis`),
  KEY `id_client` (`id_client`)
) ENGINE=InnoDB DEFAULT CHARSET=latin1;

--
-- Dumping data for table `cond_client`
--

INSERT INTO `cond_client` (`no_permis`, `id_client`) VALUES
('BE 711.952.912', 3),
('BE 683.311.629', 20),
('BE 991.877.805', 22),
('BE 532.612.400', 43);

-- --------------------------------------------------------

--
-- Table structure for table `contrat`
--

CREATE TABLE IF NOT EXISTS `contrat` (
  `id_cont` int(10) unsigned NOT NULL AUTO_INCREMENT,
  `id_veh` int(10) unsigned NOT NULL,
  `id_client` int(10) unsigned NOT NULL,
  `date_debut` date NOT NULL,
  `date_fin` date NOT NULL,
  `km_debut` int(10) unsigned DEFAULT NULL,
  `km_fin` int(10) unsigned DEFAULT NULL,
  PRIMARY KEY (`id_cont`),
  KEY `fk_id_veh` (`id_veh`),
  KEY `fk_id_client` (`id_client`)
) ENGINE=InnoDB  DEFAULT CHARSET=latin1 AUTO_INCREMENT=288 ;

--
-- Dumping data for table `contrat`
--

INSERT INTO `contrat` (`id_cont`, `id_veh`, `id_client`, `date_debut`, `date_fin`, `km_debut`, `km_fin`) VALUES
(1, 15, 4, '2011-02-28', '2011-04-16', 1, 1185),
(2, 11, 11, '2011-03-14', '2011-04-17', 1, 6735),
(3, 13, 30, '2011-03-26', '2011-06-03', 1, 569),
(4, 2, 8, '2011-03-26', '2011-05-23', 1, 4317),
(5, 11, 33, '2011-04-26', '2011-05-03', 6735, 9621),
(6, 10, 38, '2011-04-30', '2011-06-20', 1, 8692),
(7, 3, 51, '2011-05-01', '2011-07-18', 1, 9891),
(8, 14, 35, '2011-05-09', '2011-05-22', 1, 3930),
(9, 15, 11, '2011-05-12', '2011-07-23', 1185, 4139),
(10, 7, 41, '2011-05-14', '2011-06-07', 1, 7711),
(11, 9, 57, '2011-05-18', '2011-05-24', 1, 6156),
(12, 14, 5, '2011-05-27', '2011-05-30', 3930, 13647),
(13, 11, 36, '2011-05-31', '2011-08-09', 9621, 13202),
(14, 14, 29, '2011-06-11', '2011-08-02', 13647, 22074),
(15, 13, 23, '2011-06-16', '2011-08-04', 569, 7704),
(16, 2, 56, '2011-06-18', '2011-08-31', 4317, 6166),
(17, 9, 5, '2011-06-18', '2011-07-25', 6156, 10818),
(18, 10, 52, '2011-06-25', '2011-07-16', 8692, 17032),
(19, 7, 11, '2011-07-01', '2011-07-17', 7711, 15024),
(20, 10, 52, '2011-07-21', '2011-08-24', 17032, 22562),
(21, 7, 14, '2011-07-29', '2011-09-12', 15024, 16158),
(22, 6, 31, '2011-08-07', '2011-09-07', 1, 1741),
(23, 3, 40, '2011-08-11', '2011-09-25', 9891, 17706),
(24, 15, 29, '2011-08-18', '2011-08-29', 4139, 5370),
(25, 4, 23, '2011-08-18', '2011-10-10', 1, 902),
(26, 9, 38, '2011-08-18', '2011-08-27', 10818, 19447),
(27, 12, 28, '2011-08-22', '2011-09-08', 1, 1939),
(28, 13, 27, '2011-08-22', '2011-11-09', 7704, 17617),
(29, 14, 16, '2011-08-27', '2011-10-18', 22074, 22858),
(30, 11, 46, '2011-09-02', '2011-11-05', 13202, 16616),
(31, 9, 9, '2011-09-15', '2011-09-16', 19447, 27267),
(32, 15, 30, '2011-09-17', '2011-11-22', 5370, 7319),
(33, 10, 59, '2011-09-23', '2011-12-06', 22562, 29129),
(34, 7, 24, '2011-09-23', '2011-11-20', 16158, 19686),
(35, 2, 29, '2011-09-25', '2011-11-21', 6166, 7089),
(36, 6, 59, '2011-09-25', '2011-10-05', 1741, 9912),
(37, 12, 54, '2011-10-03', '2011-12-04', 1939, 8404),
(38, 9, 38, '2011-10-06', '2011-11-22', 27267, 30127),
(39, 8, 22, '2011-10-12', '2011-10-29', 1, 6919),
(40, 16, 25, '2011-10-18', '2011-10-21', 1, 5684),
(41, 14, 34, '2011-10-20', '2011-10-26', 22858, 29898),
(42, 3, 23, '2011-10-23', '2011-11-17', 17706, 20234),
(43, 6, 56, '2011-10-24', '2011-10-29', 9912, 17660),
(44, 4, 12, '2011-11-05', '2012-01-05', 902, 6020),
(45, 13, 43, '2011-11-13', '2012-01-22', 17617, 21523),
(46, 16, 27, '2011-11-13', '2011-12-25', 5684, 6543),
(47, 6, 43, '2011-11-13', '2012-01-13', 17660, 22449),
(48, 8, 31, '2011-11-16', '2011-11-30', 6919, 13776),
(49, 14, 59, '2011-11-24', '2012-02-10', 29898, 39457),
(50, 1, 57, '2011-11-25', '2011-12-01', 1, 4424),
(51, 11, 29, '2011-11-25', '2011-12-06', 16616, 22095),
(52, 3, 19, '2011-11-25', '2012-01-18', 20234, 26228),
(53, 11, 18, '2011-12-08', '2012-02-05', 22095, 26916),
(54, 5, 39, '2011-12-08', '2012-01-05', 1, 5837),
(55, 1, 29, '2011-12-09', '2012-01-08', 4424, 7719),
(56, 2, 18, '2011-12-17', '2012-02-19', 7089, 11018),
(57, 7, 47, '2011-12-17', '2012-02-05', 19686, 23605),
(58, 8, 12, '2011-12-18', '2012-01-14', 13776, 16066),
(59, 9, 19, '2011-12-18', '2012-01-17', 30127, 39845),
(60, 15, 52, '2011-12-22', '2012-01-23', 7319, 15961),
(61, 12, 52, '2011-12-29', '2012-03-18', 8404, 15881),
(62, 16, 32, '2012-01-02', '2012-01-25', 6543, 6945),
(63, 10, 53, '2012-01-04', '2012-02-02', 29129, 34555),
(64, 4, 50, '2012-01-08', '2012-01-31', 6020, 10093),
(65, 6, 5, '2012-01-31', '2012-03-29', 22449, 26416),
(66, 5, 59, '2012-02-04', '2012-04-05', 5837, 10676),
(67, 15, 35, '2012-02-05', '2012-03-15', 15961, 23943),
(68, 1, 55, '2012-02-06', '2012-03-12', 7719, 11681),
(69, 8, 53, '2012-02-06', '2012-03-02', 16066, 24012),
(70, 10, 8, '2012-02-07', '2012-03-19', 34555, 40976),
(71, 13, 23, '2012-02-09', '2012-03-19', 21523, 23172),
(72, 3, 32, '2012-02-09', '2012-02-13', 26228, 27668),
(73, 7, 8, '2012-02-10', '2012-02-18', 23605, 26872),
(74, 9, 18, '2012-02-10', '2012-03-23', 39845, 48512),
(75, 16, 59, '2012-02-20', '2012-04-05', 6945, 14712),
(76, 3, 43, '2012-02-21', '2012-04-18', 27668, 28351),
(77, 11, 4, '2012-02-26', '2012-04-29', 26916, 27502),
(78, 2, 40, '2012-02-27', '2012-04-11', 11018, 19264),
(79, 4, 6, '2012-03-01', '2012-04-23', 10093, 19134),
(80, 7, 34, '2012-03-02', '2012-05-18', 26872, 28741),
(81, 14, 31, '2012-03-07', '2012-05-03', 39457, 40715),
(82, 8, 25, '2012-03-11', '2012-05-03', 24012, 33724),
(83, 12, 6, '2012-03-19', '2012-04-28', 15881, 19616),
(84, 9, 12, '2012-03-24', '2012-04-08', 48512, 58136),
(85, 15, 18, '2012-03-25', '2012-04-28', 23943, 33662),
(86, 1, 7, '2012-03-26', '2012-05-19', 11681, 19497),
(87, 13, 15, '2012-04-07', '2012-04-28', 23172, 27107),
(88, 10, 48, '2012-04-12', '2012-06-28', 40976, 42766),
(89, 9, 40, '2012-04-14', '2012-05-07', 58136, 64835),
(90, 6, 24, '2012-04-19', '2012-05-25', 26416, 29423),
(91, 16, 18, '2012-04-26', '2012-07-04', 14712, 15963),
(92, 2, 23, '2012-04-29', '2012-05-17', 19264, 27239),
(93, 5, 47, '2012-05-01', '2012-06-05', 10676, 19648),
(94, 14, 3, '2012-05-06', '2012-07-20', 40715, 44131),
(95, 13, 13, '2012-05-11', '2012-07-11', 27107, 30351),
(96, 3, 20, '2012-05-11', '2012-06-21', 28351, 37933),
(97, 15, 13, '2012-05-12', '2012-07-21', 33662, 37167),
(98, 11, 41, '2012-05-13', '2012-07-05', 27502, 34860),
(99, 8, 5, '2012-05-14', '2012-05-17', 33724, 34942),
(100, 12, 4, '2012-05-20', '2012-06-16', 19616, 20150),
(101, 4, 19, '2012-05-20', '2012-07-31', 19134, 26480),
(102, 1, 26, '2012-05-25', '2012-07-06', 19497, 24926),
(103, 2, 4, '2012-06-02', '2012-07-19', 27239, 27685),
(104, 7, 15, '2012-06-05', '2012-06-18', 28741, 38654),
(105, 9, 18, '2012-06-05', '2012-06-27', 64835, 65815),
(106, 8, 7, '2012-06-14', '2012-07-09', 34942, 44209),
(107, 6, 45, '2012-06-20', '2012-07-02', 29423, 36804),
(108, 12, 43, '2012-06-24', '2012-08-03', 20150, 21896),
(109, 7, 34, '2012-06-27', '2012-08-11', 38654, 46818),
(110, 9, 7, '2012-07-02', '2012-07-21', 65815, 71257),
(111, 5, 49, '2012-07-04', '2012-07-26', 19648, 28377),
(112, 16, 13, '2012-07-06', '2012-09-13', 15963, 21839),
(113, 1, 22, '2012-07-11', '2012-07-30', 24926, 26173),
(114, 3, 34, '2012-07-12', '2012-08-03', 37933, 38239),
(115, 6, 13, '2012-07-13', '2012-07-25', 36804, 44539),
(116, 10, 50, '2012-07-21', '2012-09-15', 42766, 46214),
(117, 13, 2, '2012-07-30', '2012-09-15', 30351, 33603),
(118, 6, 49, '2012-07-30', '2012-08-02', 44539, 53184),
(119, 8, 21, '2012-08-01', '2012-09-02', 44209, 49819),
(120, 4, 6, '2012-08-02', '2012-08-26', 26480, 29450),
(121, 11, 15, '2012-08-04', '2012-08-14', 34860, 37250),
(122, 9, 22, '2012-08-04', '2012-09-09', 71257, 75785),
(123, 3, 45, '2012-08-10', '2012-08-24', 38239, 41675),
(124, 2, 45, '2012-08-11', '2012-09-23', 27685, 33784),
(125, 15, 50, '2012-08-12', '2012-09-25', 37167, 42280),
(126, 5, 25, '2012-08-12', '2012-08-31', 28377, 34602),
(127, 14, 24, '2012-08-16', '2012-08-30', 44131, 48863),
(128, 1, 50, '2012-08-23', '2012-09-20', 26173, 35055),
(129, 6, 16, '2012-08-23', '2012-09-26', 53184, 54377),
(130, 11, 10, '2012-08-25', '2012-09-02', 37250, 43247),
(131, 12, 16, '2012-08-31', '2012-10-10', 21896, 24530),
(132, 14, 46, '2012-09-02', '2012-10-30', 48863, 52790),
(133, 5, 5, '2012-09-03', '2012-10-24', 34602, 42286),
(134, 3, 49, '2012-09-05', '2012-10-31', 41675, 48123),
(135, 7, 22, '2012-09-05', '2012-09-09', 46818, 50160),
(136, 11, 36, '2012-09-07', '2012-11-12', 43247, 48691),
(137, 8, 58, '2012-09-07', '2012-09-10', 49819, 51489),
(138, 4, 23, '2012-09-14', '2012-12-03', 29450, 37607),
(139, 8, 13, '2012-09-19', '2012-10-21', 51489, 58862),
(140, 9, 41, '2012-09-19', '2012-09-24', 75785, 77188),
(141, 13, 7, '2012-09-20', '2012-12-06', 33603, 34785),
(142, 7, 14, '2012-09-22', '2012-10-16', 50160, 55459),
(143, 1, 18, '2012-09-25', '2012-10-15', 35055, 38863),
(144, 9, 8, '2012-09-29', '2012-12-16', 77188, 84827),
(145, 16, 34, '2012-10-07', '2012-10-20', 21839, 28801),
(146, 10, 1, '2012-10-12', '2012-10-30', 46214, 50885),
(147, 2, 57, '2012-10-14', '2012-12-31', 33784, 36130),
(148, 15, 4, '2012-10-23', '2012-11-27', 42280, 45230),
(149, 6, 29, '2012-10-23', '2012-10-30', 54377, 63055),
(150, 12, 2, '2012-10-25', '2013-01-03', 24530, 27266),
(151, 7, 24, '2012-10-26', '2012-12-18', 55459, 60429),
(152, 6, 3, '2012-11-02', '2012-11-30', 63055, 67404),
(153, 10, 12, '2012-11-11', '2012-12-19', 50885, 52814),
(154, 1, 8, '2012-11-12', '2012-11-24', 38863, 42352),
(155, 16, 11, '2012-11-14', '2013-01-17', 28801, 38122),
(156, 5, 5, '2012-11-15', '2012-12-05', 42286, 43382),
(157, 8, 53, '2012-11-19', '2012-12-21', 58862, 68018),
(158, 3, 18, '2012-11-22', '2012-11-24', 48123, 56254),
(159, 14, 16, '2012-11-27', '2013-02-14', 52790, 58940),
(160, 15, 32, '2012-11-29', '2012-12-29', 45230, 48774),
(161, 11, 16, '2012-12-02', '2012-12-18', 48691, 50738),
(162, 1, 33, '2012-12-04', '2013-01-17', 42352, 49943),
(163, 3, 8, '2012-12-08', '2012-12-09', 56254, 66247),
(164, 3, 17, '2012-12-24', '2012-12-25', 66247, 69300),
(165, 11, 27, '2012-12-26', '2012-12-30', 50738, 54891),
(166, 6, 20, '2012-12-26', '2013-01-16', 67404, 73402),
(167, 8, 45, '2012-12-26', '2012-12-30', 68018, 77471),
(168, 5, 45, '2012-12-27', '2013-01-14', 43382, 52457),
(169, 13, 30, '2012-12-30', '2013-02-11', 34785, 36510),
(170, 4, 12, '2012-12-31', '2013-01-23', 37607, 40864),
(171, 10, 42, '2013-01-05', '2013-03-11', 52814, 60894),
(172, 7, 59, '2013-01-05', '2013-02-16', 60429, 70360),
(173, 2, 33, '2013-01-08', '2013-02-20', 36130, 40906),
(174, 9, 57, '2013-01-09', '2013-01-22', 84827, 87350),
(175, 12, 4, '2013-01-11', '2013-01-31', 27266, 33886),
(176, 3, 19, '2013-01-16', '2013-02-06', 69300, 74071),
(177, 1, 10, '2013-01-18', '2013-03-01', 49943, 51984),
(178, 15, 37, '2013-01-23', '2013-02-13', 48774, 56045),
(179, 5, 6, '2013-01-23', '2013-02-06', 52457, 59593),
(180, 8, 55, '2013-01-23', '2013-01-25', 77471, 86137),
(181, 11, 2, '2013-01-26', '2013-03-25', 54891, 58232),
(182, 6, 7, '2013-01-27', '2013-03-06', 73402, 80632),
(183, 9, 9, '2013-01-27', '2013-03-14', 87350, 89994),
(184, 16, 57, '2013-01-28', '2013-04-06', 38122, 39772),
(185, 13, 10, '2013-02-13', '2013-02-25', 36510, 37272),
(186, 4, 29, '2013-02-13', '2013-03-28', 40864, 48753),
(187, 8, 38, '2013-02-14', '2013-03-06', 86137, 86200),
(188, 12, 47, '2013-02-15', '2013-04-04', 33886, 35565),
(189, 15, 18, '2013-02-17', '2013-04-01', 56045, 61765),
(190, 5, 42, '2013-02-21', '2013-02-27', 59593, 68643),
(191, 3, 17, '2013-02-26', '2013-05-16', 74071, NULL),
(192, 7, 41, '2013-02-26', '2013-05-06', 70360, 77010),
(193, 2, 19, '2013-02-27', '2013-03-08', 40906, 50718),
(194, 14, 41, '2013-03-10', '2013-04-28', 58940, 63545),
(195, 8, 31, '2013-03-11', '2013-04-06', 86200, 91375),
(196, 10, 55, '2013-03-13', '2013-04-23', 60894, 67796),
(197, 5, 12, '2013-03-19', '2013-05-30', 68643, NULL),
(198, 13, 3, '2013-03-22', '2013-05-09', 37272, 40290),
(199, 6, 40, '2013-03-23', '2013-03-30', 80632, 88183),
(200, 2, 1, '2013-03-25', '2013-03-29', 50718, 51883),
(201, 1, 18, '2013-03-29', '2013-04-23', NULL, NULL),
(202, 4, 58, '2013-03-30', '2013-05-19', NULL, NULL),
(203, 11, 48, '2013-04-04', '2013-05-21', NULL, NULL),
(204, 16, 47, '2013-04-07', '2013-04-25', NULL, NULL),
(205, 9, 14, '2013-04-11', '2013-04-19', NULL, NULL),
(206, 12, 16, '2013-04-13', '2013-05-02', NULL, NULL),
(207, 6, 35, '2013-04-17', '2013-06-16', NULL, NULL),
(208, 15, 10, '2013-04-23', '2013-05-13', NULL, NULL),
(209, 9, 13, '2013-04-23', '2013-06-25', NULL, NULL),
(210, 2, 54, '2013-04-25', '2013-07-02', NULL, NULL),
(211, 10, 52, '2013-04-28', '2013-05-25', NULL, NULL),
(212, 14, 21, '2013-05-05', '2013-06-02', NULL, NULL),
(213, 12, 18, '2013-05-06', '2013-07-06', NULL, NULL),
(214, 8, 54, '2013-05-06', '2013-06-26', NULL, NULL),
(215, 13, 2, '2013-05-13', '2013-07-15', NULL, NULL),
(216, 1, 3, '2013-05-17', '2013-07-23', NULL, NULL),
(217, 7, 53, '2013-05-18', '2013-08-04', NULL, NULL),
(218, 16, 22, '2013-05-20', '2013-08-02', NULL, NULL),
(219, 3, 23, '2013-05-23', '2013-08-02', NULL, NULL),
(220, 4, 29, '2013-05-23', '2013-07-30', NULL, NULL),
(221, 5, 4, '2013-06-02', '2013-07-25', NULL, NULL),
(222, 15, 59, '2013-06-03', '2013-07-23', NULL, NULL),
(223, 11, 19, '2013-06-07', '2013-06-20', NULL, NULL),
(224, 10, 13, '2013-06-11', '2013-07-09', NULL, NULL),
(225, 14, 36, '2013-06-29', '2013-06-30', NULL, NULL),
(226, 12, 44, '2013-07-11', '2013-07-16', NULL, NULL),
(227, 11, 34, '2013-07-12', '2013-08-20', NULL, NULL),
(228, 2, 42, '2013-07-13', '2013-07-24', NULL, NULL),
(229, 6, 2, '2013-07-14', '2013-07-28', NULL, NULL),
(230, 14, 30, '2013-07-18', '2013-07-23', NULL, NULL),
(231, 9, 16, '2013-07-19', '2013-08-13', NULL, NULL),
(232, 10, 27, '2013-07-22', '2013-09-03', NULL, NULL),
(233, 8, 44, '2013-07-24', '2013-10-01', NULL, NULL),
(234, 1, 55, '2013-07-26', '2013-10-13', NULL, NULL),
(235, 14, 52, '2013-07-30', '2013-09-19', NULL, NULL),
(236, 2, 45, '2013-07-30', '2013-10-12', NULL, NULL),
(237, 4, 39, '2013-08-01', '2013-09-12', NULL, NULL),
(238, 16, 45, '2013-08-04', '2013-10-08', NULL, NULL),
(239, 13, 35, '2013-08-06', '2013-08-29', NULL, NULL),
(240, 5, 58, '2013-08-08', '2013-09-04', NULL, NULL),
(241, 6, 59, '2013-08-08', '2013-08-12', NULL, NULL),
(242, 3, 45, '2013-08-10', '2013-08-16', NULL, NULL),
(243, 7, 4, '2013-08-12', '2013-10-05', NULL, NULL),
(244, 12, 42, '2013-08-14', '2013-08-20', NULL, NULL),
(245, 15, 33, '2013-08-14', '2013-09-06', NULL, NULL),
(246, 3, 14, '2013-08-19', '2013-09-25', NULL, NULL),
(247, 9, 16, '2013-08-20', '2013-10-07', NULL, NULL),
(248, 12, 7, '2013-09-04', '2013-11-01', NULL, NULL),
(249, 6, 55, '2013-09-05', '2013-11-12', NULL, NULL),
(250, 13, 22, '2013-09-10', '2013-10-12', NULL, NULL),
(251, 11, 44, '2013-09-11', '2013-09-13', NULL, NULL),
(252, 11, 20, '2013-09-23', '2013-10-30', NULL, NULL),
(253, 5, 9, '2013-09-25', '2013-12-04', NULL, NULL),
(254, 15, 40, '2013-09-27', '2013-11-25', NULL, NULL),
(255, 4, 15, '2013-09-27', '2013-11-19', NULL, NULL),
(256, 14, 50, '2013-09-28', '2013-10-05', NULL, NULL),
(257, 10, 6, '2013-10-03', '2013-10-24', NULL, NULL),
(258, 14, 21, '2013-10-10', '2013-11-26', NULL, NULL),
(259, 16, 7, '2013-10-11', '2013-11-11', NULL, NULL),
(260, 2, 55, '2013-10-15', '2013-11-13', NULL, NULL),
(261, 3, 34, '2013-10-20', '2013-11-30', NULL, NULL),
(262, 8, 15, '2013-10-23', '2013-11-01', NULL, NULL),
(263, 9, 21, '2013-10-23', '2014-01-08', NULL, NULL),
(264, 1, 39, '2013-10-27', '2013-10-31', NULL, NULL),
(265, 7, 45, '2013-10-28', '2013-11-06', NULL, NULL),
(266, 10, 48, '2013-10-31', '2013-11-27', NULL, NULL),
(267, 11, 26, '2013-11-02', '2013-12-01', NULL, NULL),
(268, 13, 5, '2013-11-06', '2014-01-24', NULL, NULL),
(269, 1, 43, '2013-11-09', '2013-12-27', NULL, NULL),
(270, 8, 48, '2013-11-14', '2014-01-03', NULL, NULL),
(271, 2, 38, '2013-11-22', '2014-01-11', NULL, NULL),
(272, 7, 34, '2013-11-22', '2013-12-13', NULL, NULL),
(273, 12, 37, '2013-12-01', '2013-12-05', NULL, NULL),
(274, 14, 34, '2013-12-01', '2013-12-16', NULL, NULL),
(275, 4, 50, '2013-12-02', '2014-01-25', NULL, NULL),
(276, 6, 35, '2013-12-04', '2014-02-17', NULL, NULL),
(277, 10, 38, '2013-12-07', '2013-12-17', NULL, NULL),
(278, 16, 20, '2013-12-08', '2014-01-11', NULL, NULL),
(279, 15, 11, '2013-12-09', '2014-01-04', NULL, NULL),
(280, 3, 25, '2013-12-10', '2014-01-12', NULL, NULL),
(281, 11, 26, '2013-12-12', '2014-02-20', NULL, NULL),
(282, 12, 18, '2013-12-12', '2014-01-26', NULL, NULL),
(283, 5, 52, '2013-12-19', '2014-01-18', NULL, NULL),
(284, 14, 39, '2013-12-27', '2014-02-15', NULL, NULL),
(285, 7, 56, '2013-12-29', '2014-01-13', NULL, NULL),
(286, 10, 15, '2014-01-07', '2014-02-17', NULL, NULL),
(287, 1, 13, '2014-01-24', '2014-02-18', NULL, NULL);

-- --------------------------------------------------------

--
-- Table structure for table `facture`
--

CREATE TABLE IF NOT EXISTS `facture` (
  `id_cont` int(10) unsigned NOT NULL,
  `prix` float NOT NULL,
  PRIMARY KEY (`id_cont`)
) ENGINE=InnoDB DEFAULT CHARSET=latin1;

--
-- Dumping data for table `facture`
--

INSERT INTO `facture` (`id_cont`, `prix`) VALUES
(1, 1240.74),
(2, 2390.44),
(3, 1524.27),
(4, 1606.14),
(5, 873.04),
(6, 2726.87),
(7, 2911.76),
(8, 1257.97),
(9, 2190.32),
(10, 2057.94),
(11, 1419.17),
(12, 2528.12),
(13, 2309.57),
(14, 3180.46),
(15, 2792.29),
(16, 1376.22),
(17, 1626.67),
(18, 2141.76),
(19, 1836.98),
(20, 1761.42),
(21, 1007.68),
(22, 899.36),
(23, 2067.96),
(24, 532.67),
(25, 907.78),
(26, 1999.61),
(27, 832.25),
(28, 4097.9),
(29, 1239.14),
(30, 2147.16),
(31, 1690.48),
(32, 1815.05),
(33, 2663.34),
(34, 1740.99),
(35, 967.83),
(36, 1918.59),
(37, 2882.11),
(38, 1411.04),
(39, 1769.45),
(40, 908.18),
(41, 1908.16),
(42, 815.15),
(43, 1743.07),
(44, 1795.71),
(45, 2392.12),
(46, 594.29),
(47, 2061.85),
(48, 1705.4),
(49, 3987.99),
(50, 897.83),
(51, 1611.67),
(52, 1858.9),
(53, 2404.53),
(54, 1465.82),
(55, 1026.28),
(56, 1618.94),
(57, 1688.67),
(58, 949.06),
(59, 2589.65),
(60, 2835.07),
(61, 3499.16),
(62, 314.91),
(63, 1654.16),
(64, 1071.43),
(65, 1834.94),
(66, 1744.38),
(67, 2807.43),
(68, 1219.01),
(69, 2125.44),
(70, 2071.09),
(71, 1198.85),
(72, 320.96),
(73, 835.14),
(74, 2568.74),
(75, 1691.12),
(76, 923.67),
(77, 1408.84),
(78, 2133.26),
(79, 2405.54),
(80, 1708.97),
(81, 1459.53),
(82, 2979.37),
(83, 1748.69),
(84, 2314.54),
(85, 3148.63),
(86, 2194.14),
(87, 1419.49),
(88, 1692.06),
(89, 1824.59),
(90, 1255.5),
(91, 951.65),
(92, 1719.4),
(93, 2140.85),
(94, 2367.66),
(95, 2043.98),
(96, 2337.09),
(97, 2290.27),
(98, 2928.93),
(99, 311.65),
(100, 675.64),
(101, 2359.66),
(102, 1586.94),
(103, 740.06),
(104, 2342.38),
(105, 583.72),
(106, 2408.14),
(107, 1783.53),
(108, 1243.48),
(109, 2512.1),
(110, 1487.59),
(111, 1914.14),
(112, 1663.9),
(113, 495.45),
(114, 364.3),
(115, 1859.29),
(116, 1689.87),
(117, 1766.01),
(118, 1901.03),
(119, 1744.54),
(120, 882.48),
(121, 807.06),
(122, 1580.99),
(123, 828.22),
(124, 1724.22),
(125, 2178.7),
(126, 1411.4),
(127, 1481.93),
(128, 2026.29),
(129, 833.3),
(130, 1683.24),
(131, 1469.04),
(132, 2157.46),
(133, 2127.86),
(134, 1970.43),
(135, 783.19),
(136, 2702.78),
(137, 408.38),
(138, 2620.89),
(139, 2121.82),
(140, 385.24),
(141, 1840.23),
(142, 1541.99),
(143, 980.67),
(144, 2960.75),
(145, 1215.15),
(146, 1305.59),
(147, 1523.66),
(148, 1449.3),
(149, 1976.09),
(150, 2094.94),
(151, 1964.58),
(152, 1406.69),
(153, 1058.81),
(154, 809.98),
(155, 2139.43),
(156, 481.66),
(157, 2503.38),
(158, 1524.1),
(159, 3142.1),
(160, 1500.18),
(161, 839.94),
(162, 2012.74),
(163, 1852.71),
(164, 575.75),
(165, 1134.86),
(166, 1640.57),
(167, 2090.94),
(168, 1921.8),
(169, 1298.15),
(170, 921.29),
(171, 2834.12),
(172, 2839.23),
(173, 1480.78),
(174, 760.92),
(175, 2081.48),
(176, 1171.86),
(177, 963.54),
(178, 2266.83),
(179, 1509.02),
(180, 1888.52),
(181, 2008.61),
(182, 2193.22),
(183, 1347.82),
(184, 1002.1),
(185, 433.55),
(186, 2053.58),
(187, 353.48),
(188, 1386.47),
(189, 2312.88),
(190, 1749.2),
(192, 2596.1),
(193, 1931.41),
(194, 2149.67),
(195, 1549.45),
(196, 2174.03),
(198, 1726.57),
(199, 1734.91),
(200, 270.36);

-- --------------------------------------------------------

--
-- Table structure for table `modele`
--

CREATE TABLE IF NOT EXISTS `modele` (
  `id_mod` varchar(255) CHARACTER SET utf8 COLLATE utf8_unicode_ci NOT NULL,
  `marque` varchar(255) CHARACTER SET utf8 COLLATE utf8_unicode_ci NOT NULL,
  `places` int(4) unsigned NOT NULL,
  `carburant` varchar(255) CHARACTER SET utf8 COLLATE utf8_unicode_ci NOT NULL,
  `cylindree` int(6) unsigned NOT NULL,
  `puissance` int(6) unsigned NOT NULL,
  `id_cat` varchar(255) CHARACTER SET utf8 COLLATE utf8_unicode_ci NOT NULL,
  PRIMARY KEY (`id_mod`),
  KEY `fk_id_cat` (`id_cat`)
) ENGINE=InnoDB DEFAULT CHARSET=latin1;

--
-- Dumping data for table `modele`
--

INSERT INTO `modele` (`id_mod`, `marque`, `places`, `carburant`, `cylindree`, `puissance`, `id_cat`) VALUES
('CLIO_DIE', 'RENAULT', 5, 'DIESEL', 1300, 80, 'C'),
('CLIO_ESS', 'RENAULT', 5, 'ESSENCE', 1200, 80, 'C'),
('ESPACE_DIE', 'RENAULT', 8, 'DIESEL', 2000, 110, 'A'),
('ESPACE_ESS', 'RENAULT', 8, 'ESSENCE', 1800, 110, 'A'),
('GOLF_DIE', 'VOLKSWAGEN', 5, 'DIESEL', 1800, 90, 'B'),
('GOLF_ESS', 'VOLKSWAGEN', 5, 'ESSENCE', 1400, 90, 'B'),
('LUPO_DIE', 'VOLKSWAGEN', 4, 'DIESEL', 1300, 80, 'C'),
('LUPO_ESS', 'VOLKSWAGEN', 4, 'ESSENCE', 1200, 80, 'C'),
('MEGANE_DIE', 'RENAULT', 5, 'DIESEL', 1800, 90, 'B'),
('MEGANE_ESS', 'RENAULT', 5, 'ESSENCE', 1400, 90, 'B'),
('PASSAT_DIE', 'VOLKSWAGEN', 5, 'DIESEL', 2000, 110, 'A'),
('PASSAT_ESS', 'VOLKSWAGEN', 5, 'ESSENCE', 1800, 110, 'A'),
('UNO_ESS', 'FIAT', 4, 'ESSENCE', 1000, 60, 'D');

-- --------------------------------------------------------

--
-- Table structure for table `particulier`
--

CREATE TABLE IF NOT EXISTS `particulier` (
  `id_client` int(10) unsigned NOT NULL,
  `nom_part` varchar(255) CHARACTER SET utf8 COLLATE utf8_unicode_ci NOT NULL,
  `prenom_part` varchar(255) CHARACTER SET utf8 COLLATE utf8_unicode_ci NOT NULL,
  `adresse_part` varchar(255) CHARACTER SET utf8 COLLATE utf8_unicode_ci NOT NULL,
  `tel_part` varchar(255) CHARACTER SET utf8 COLLATE utf8_unicode_ci NOT NULL,
  PRIMARY KEY (`id_client`)
) ENGINE=InnoDB DEFAULT CHARSET=latin1;

--
-- Dumping data for table `particulier`
--

INSERT INTO `particulier` (`id_client`, `nom_part`, `prenom_part`, `adresse_part`, `tel_part`) VALUES
(1, 'Deluze', 'Laurent', 'Rue comme les autres, 1, 4000 LIEGE', '3243661001'),
(2, 'Menier', 'Charles', 'Rue comme les autres, 2, 4000 LIEGE', '3243661002'),
(3, 'Menier', 'Pierre', 'Rue comme les autres, 3, 4000 LIEGE', '3243661003'),
(4, 'Lapierre', 'Thierry', 'Rue comme les autres, 4, 4000 LIEGE', '3243661004'),
(5, 'Dusucre', 'Antoine', 'Rue comme les autres, 5, 4000 LIEGE', '3243661005'),
(6, 'Carpentier', 'Frederique', 'Rue comme les autres, 6, 4000 LIEGE', '3243661006'),
(7, 'Lapierre', 'Charles', 'Rue comme les autres, 7, 4000 LIEGE', '3243661007'),
(8, 'Andre', 'Jean', 'Rue comme les autres, 8, 4000 LIEGE', '3243661008'),
(9, 'Lebeau', 'Pierre', 'Rue comme les autres, 9, 4000 LIEGE', '3243661009'),
(10, 'Andre', 'Antoine', 'Rue comme les autres, 10, 4000 LIEGE', '3243661010'),
(11, 'Lambert', 'Paul', 'Rue comme les autres, 11, 4000 LIEGE', '3243661011'),
(12, 'Cremant', 'Pierre', 'Rue comme les autres, 12, 4000 LIEGE', '3243661012'),
(13, 'Lebeau', 'Rene', 'Rue comme les autres, 13, 4000 LIEGE', '3243661013'),
(14, 'Deluze', 'Jean', 'Rue comme les autres, 14, 4000 LIEGE', '3243661014'),
(15, 'Carpentier', 'Pierre', 'Rue comme les autres, 15, 4000 LIEGE', '3243661015'),
(16, 'Dusucre', 'Jacques', 'Rue comme les autres, 16, 4000 LIEGE', '3243661016'),
(17, 'Lapierre', 'Jacques', 'Rue comme les autres, 17, 4000 LIEGE', '3243661017'),
(18, 'Lapierre', 'Charles', 'Rue comme les autres, 18, 4000 LIEGE', '3243661018'),
(19, 'Lebeau', 'Paul', 'Rue comme les autres, 19, 4000 LIEGE', '3243661019'),
(20, 'Cremant', 'Charles', 'Rue comme les autres, 20, 4000 LIEGE', '3243661020'),
(21, 'Champenier', 'Veronique', 'Rue comme les autres, 21, 4000 LIEGE', '3243661021'),
(22, 'Deluze', 'Pierre', 'Rue comme les autres, 22, 4000 LIEGE', '3243661022'),
(23, 'Sobre', 'Rene', 'Rue comme les autres, 23, 4000 LIEGE', '3243661023'),
(24, 'Polux', 'Paul', 'Rue comme les autres, 24, 4000 LIEGE', '3243661024'),
(25, 'Frank', 'Paul', 'Rue comme les autres, 25, 4000 LIEGE', '3243661025'),
(26, 'Andre', 'Charles', 'Rue comme les autres, 26, 4000 LIEGE', '3243661026'),
(27, 'Cremant', 'Jacques', 'Rue comme les autres, 27, 4000 LIEGE', '3243661027'),
(28, 'Deluze', 'Pierre', 'Rue comme les autres, 28, 4000 LIEGE', '3243661028'),
(29, 'Mar', 'Jacques', 'Rue comme les autres, 29, 4000 LIEGE', '3243661029'),
(30, 'Frank', 'Paul', 'Rue comme les autres, 30, 4000 LIEGE', '3243661030'),
(31, 'Lapierre', 'Antoine', 'Rue comme les autres, 31, 4000 LIEGE', '3243661031'),
(32, 'Andre', 'Jean', 'Rue comme les autres, 32, 4000 LIEGE', '3243661032'),
(33, 'Lapierre', 'Thierry', 'Rue comme les autres, 33, 4000 LIEGE', '3243661033'),
(34, 'Carpentier', 'Antoine', 'Rue comme les autres, 34, 4000 LIEGE', '3243661034'),
(35, 'Lebeau', 'Jean', 'Rue comme les autres, 35, 4000 LIEGE', '3243661035'),
(36, 'Sobre', 'Veronique', 'Rue comme les autres, 36, 4000 LIEGE', '3243661036'),
(37, 'Sobre', 'Thierry', 'Rue comme les autres, 37, 4000 LIEGE', '3243661037'),
(38, 'Dusucre', 'Laurent', 'Rue comme les autres, 38, 4000 LIEGE', '3243661038'),
(39, 'Carpentier', 'Veronique', 'Rue comme les autres, 39, 4000 LIEGE', '3243661039'),
(40, 'Sobre', 'Pierre', 'Rue comme les autres, 40, 4000 LIEGE', '3243661040'),
(41, 'Frank', 'Antoine', 'Rue comme les autres, 41, 4000 LIEGE', '3243661041'),
(42, 'Dusucre', 'Paul', 'Rue comme les autres, 42, 4000 LIEGE', '3243661042'),
(43, 'Cremant', 'Antoine', 'Rue comme les autres, 43, 4000 LIEGE', '3243661043'),
(44, 'Andre', 'Antoine', 'Rue comme les autres, 44, 4000 LIEGE', '3243661044'),
(45, 'Sobre', 'Veronique', 'Rue comme les autres, 45, 4000 LIEGE', '3243661045'),
(46, 'Andre', 'Rene', 'Rue comme les autres, 46, 4000 LIEGE', '3243661046'),
(47, 'Cremant', 'Antoine', 'Rue comme les autres, 47, 4000 LIEGE', '3243661047'),
(48, 'Deluze', 'Pierre', 'Rue comme les autres, 48, 4000 LIEGE', '3243661048'),
(49, 'Menier', 'Paul', 'Rue comme les autres, 49, 4000 LIEGE', '3243661049');

-- --------------------------------------------------------

--
-- Table structure for table `societe`
--

CREATE TABLE IF NOT EXISTS `societe` (
  `id_client` int(10) unsigned NOT NULL AUTO_INCREMENT,
  `nom_societe` varchar(255) CHARACTER SET utf8 COLLATE utf8_unicode_ci NOT NULL,
  `tva_societe` varchar(255) CHARACTER SET utf8 COLLATE utf8_unicode_ci NOT NULL,
  `adresse_societe` varchar(255) CHARACTER SET utf8 COLLATE utf8_unicode_ci NOT NULL,
  PRIMARY KEY (`id_client`),
  UNIQUE KEY `tva_societe` (`tva_societe`)
) ENGINE=InnoDB  DEFAULT CHARSET=latin1 AUTO_INCREMENT=61 ;

--
-- Dumping data for table `societe`
--

INSERT INTO `societe` (`id_client`, `nom_societe`, `tva_societe`, `adresse_societe`) VALUES
(50, 'CremantTransport,s.a.', 'BE 123.124.050', 'Grande Rue, 50, 4000, LIEGE'),
(51, 'PoluxTransport,s.a.', 'BE 123.124.051', 'Grande Rue, 51, 4000, LIEGE'),
(52, 'LebeauTransport,s.a.', 'BE 123.124.052', 'Grande Rue, 52, 4000, LIEGE'),
(53, 'LebeauTransport,s.a.', 'BE 123.124.053', 'Grande Rue, 53, 4000, LIEGE'),
(54, 'ChampenierTransport,s.a.', 'BE 123.124.054', 'Grande Rue, 54, 4000, LIEGE'),
(55, 'ChampenierTransport,s.a.', 'BE 123.124.055', 'Grande Rue, 55, 4000, LIEGE'),
(56, 'SobreTransport,s.a.', 'BE 123.124.056', 'Grande Rue, 56, 4000, LIEGE'),
(57, 'ChampenierTransport,s.a.', 'BE 123.124.057', 'Grande Rue, 57, 4000, LIEGE'),
(58, 'FrankTransport,s.a.', 'BE 123.124.058', 'Grande Rue, 58, 4000, LIEGE'),
(59, 'ChampenierTransport,s.a.', 'BE 123.124.059', 'Grande Rue, 59, 4000, LIEGE');

-- --------------------------------------------------------

--
-- Table structure for table `vehicule`
--

CREATE TABLE IF NOT EXISTS `vehicule` (
  `id_veh` int(10) unsigned NOT NULL AUTO_INCREMENT,
  `annee` year(4) NOT NULL,
  `plaque` varchar(255) CHARACTER SET utf8 COLLATE utf8_unicode_ci NOT NULL,
  `id_mod` varchar(255) CHARACTER SET utf8 COLLATE utf8_unicode_ci NOT NULL,
  PRIMARY KEY (`id_veh`),
  UNIQUE KEY `plaque` (`plaque`),
  KEY `fk_id_mod` (`id_mod`)
) ENGINE=InnoDB  DEFAULT CHARSET=latin1 AUTO_INCREMENT=17 ;

--
-- Dumping data for table `vehicule`
--

INSERT INTO `vehicule` (`id_veh`, `annee`, `plaque`, `id_mod`) VALUES
(1, 2002, 'PDA100', 'CLIO_ESS'),
(2, 2002, 'PDA101', 'CLIO_ESS'),
(3, 2002, 'PDA102', 'CLIO_ESS'),
(4, 2002, 'PDA103', 'CLIO_DIE'),
(5, 2002, 'PDA104', 'CLIO_DIE'),
(6, 2002, 'GFM900', 'GOLF_ESS'),
(7, 2002, 'GFM901', 'GOLF_ESS'),
(8, 2002, 'GFM902', 'GOLF_ESS'),
(9, 2002, 'GFM903', 'GOLF_DIE'),
(10, 2002, 'GFM904', 'GOLF_DIE'),
(11, 2003, 'GTA120', 'ESPACE_ESS'),
(12, 2003, 'GTA121', 'ESPACE_DIE'),
(13, 2003, 'GFM905', 'PASSAT_DIE'),
(14, 2003, 'GFM906', 'PASSAT_DIE'),
(15, 2003, 'GFM907', 'PASSAT_ESS'),
(16, 2003, 'FIA100', 'UNO_ESS');

--
-- Constraints for dumped tables
--

--
-- Constraints for table `conduit`
--
ALTER TABLE `conduit`
  ADD CONSTRAINT `conduit_ibfk_2` FOREIGN KEY (`no_permis`) REFERENCES `conducteur` (`no_permis`),
  ADD CONSTRAINT `conduit_ibfk_1` FOREIGN KEY (`id_cont`) REFERENCES `contrat` (`id_cont`);

--
-- Constraints for table `cond_autre`
--
ALTER TABLE `cond_autre`
  ADD CONSTRAINT `fk_no_permis_cond` FOREIGN KEY (`no_permis`) REFERENCES `conducteur` (`no_permis`);

--
-- Constraints for table `cond_client`
--
ALTER TABLE `cond_client`
  ADD CONSTRAINT `cond_client_ibfk_1` FOREIGN KEY (`id_client`) REFERENCES `particulier` (`id_client`),
  ADD CONSTRAINT `fk_no_permis_client` FOREIGN KEY (`no_permis`) REFERENCES `conducteur` (`no_permis`);

--
-- Constraints for table `contrat`
--
ALTER TABLE `contrat`
  ADD CONSTRAINT `fk_id_client` FOREIGN KEY (`id_client`) REFERENCES `client` (`id_client`),
  ADD CONSTRAINT `fk_id_veh` FOREIGN KEY (`id_veh`) REFERENCES `vehicule` (`id_veh`);

--
-- Constraints for table `facture`
--
ALTER TABLE `facture`
  ADD CONSTRAINT `fk_id_cont` FOREIGN KEY (`id_cont`) REFERENCES `contrat` (`id_cont`);

--
-- Constraints for table `modele`
--
ALTER TABLE `modele`
  ADD CONSTRAINT `fk_id_cat` FOREIGN KEY (`id_cat`) REFERENCES `categorie` (`id_cat`);

--
-- Constraints for table `particulier`
--
ALTER TABLE `particulier`
  ADD CONSTRAINT `particulier_ibfk_1` FOREIGN KEY (`id_client`) REFERENCES `client` (`id_client`);

--
-- Constraints for table `societe`
--
ALTER TABLE `societe`
  ADD CONSTRAINT `societe_ibfk_1` FOREIGN KEY (`id_client`) REFERENCES `client` (`id_client`);

--
-- Constraints for table `vehicule`
--
ALTER TABLE `vehicule`
  ADD CONSTRAINT `fk_id_mod` FOREIGN KEY (`id_mod`) REFERENCES `modele` (`id_mod`);

/*!40101 SET CHARACTER_SET_CLIENT=@OLD_CHARACTER_SET_CLIENT */;
/*!40101 SET CHARACTER_SET_RESULTS=@OLD_CHARACTER_SET_RESULTS */;
/*!40101 SET COLLATION_CONNECTION=@OLD_COLLATION_CONNECTION */;
